{
  "type": "minecraft:crafting_shaped",
  "category": "equipment",
  "pattern": [
    "##",
    " /",
    " /"
  ],
  "key": {
    "#": {
      "item": "minecraft:pufferfish"
    },
    "/": {
      "item": "minecraft:stick"
    }
  },
  "result": {
    "id": "minecraft:netherite_hoe",
    "components":{
      "custom_model_data":1,
      "custom_name":"[{'text':'Pufferfish Hoe','italic':false}]",
      "lore":["{'text':'His name is Carrot • - •','color':'gray','italic':0}"],
      "attribute_modifiers":{"modifiers":[{"type":"player.block_interaction_range","uuid":[1,2,3,4],"name":"Big!","amount":10.0,"operation":"add_value","slot":"hand"}],"show_in_tooltip":0
      }
    }
  }
}
